Time,Emotion,Confidence
07:04:36 AM,,95.2
07:04:39 AM,neutral,89.3
07:04:44 AM,neutral,99.1
07:04:49 AM,neutral,59.8
07:04:55 AM,neutral,93.4
07:05:00 AM,neutral,97.7
07:05:01 AM,happy,89.6
07:05:04 AM,neutral,56.7
07:05:06 AM,sad,83.1
07:05:11 AM,sad,90.1
07:05:16 AM,sad,98.1
07:05:22 AM,sad,47.3
07:05:27 AM,sad,99.7
07:05:31 AM,neutral,100.0
07:05:36 AM,neutral,72.7
07:05:41 AM,neutral,84.8
07:05:47 AM,neutral,52.6
07:05:52 AM,neutral,81.2
07:05:57 AM,neutral,88.6
07:06:03 AM,neutral,75.6
07:06:08 AM,neutral,87.7
07:06:13 AM,neutral,99.5
07:06:19 AM,neutral,93.8
07:06:24 AM,neutral,97.9
07:06:29 AM,neutral,96.0
07:06:34 AM,neutral,99.3
07:06:39 AM,neutral,38.8
07:06:53 AM,neutral,73.5
07:07:00 AM,neutral,88.8
07:07:06 AM,neutral,75.3
07:07:11 AM,neutral,70.5
07:07:16 AM,neutral,72.4
07:07:21 AM,neutral,92.0
07:07:27 AM,neutral,52.4
07:07:30 AM,sad,52.5
07:07:39 AM,sad,66.9
07:07:45 AM,sad,52.4
07:07:46 AM,fear,52.9
07:07:52 AM,fear,98.3
07:07:57 AM,fear,98.5
07:08:03 AM,fear,96.2
07:08:06 AM,neutral,99.9
07:08:12 AM,neutral,100.0
07:08:17 AM,neutral,67.5
07:08:22 AM,neutral,98.3
07:08:27 AM,neutral,79.5
07:08:33 AM,neutral,99.8
07:08:38 AM,neutral,75.2
07:08:44 AM,neutral,81.7
07:08:49 AM,neutral,70.7
07:08:54 AM,neutral,99.3
07:08:59 AM,neutral,54.1
07:09:05 AM,neutral,63.5
07:09:10 AM,neutral,84.7
07:09:15 AM,neutral,99.5
07:09:21 AM,neutral,52.2
07:09:26 AM,neutral,85.2
07:09:32 AM,neutral,73.8
07:09:33 AM,angry,99.9
07:09:38 AM,angry,51.5
07:09:44 AM,angry,88.9
07:09:50 AM,fear,74.9
07:09:53 AM,angry,81.7
07:09:56 AM,sad,57.8
07:10:03 AM,sad,57.6
07:10:08 AM,sad,99.1
07:10:15 AM,sad,92.1
07:10:20 AM,sad,80.3
07:10:25 AM,sad,55.5
07:10:31 AM,sad,98.8
07:10:36 AM,sad,100.0
07:10:37 AM,angry,100.0
07:10:43 AM,angry,71.8
07:10:48 AM,angry,99.9
07:10:53 AM,angry,91.3
07:10:59 AM,angry,54.3
07:11:04 AM,angry,99.1
07:11:09 AM,angry,99.6
07:11:14 AM,angry,81.5
07:11:20 AM,angry,62.4
07:11:21 AM,neutral,99.0
07:11:26 AM,neutral,99.7
07:11:32 AM,neutral,99.1
07:11:37 AM,neutral,95.4
07:11:43 AM,neutral,58.3
07:11:48 AM,neutral,89.9
07:11:53 AM,neutral,70.1
07:11:59 AM,neutral,76.4
07:12:05 AM,neutral,98.1
07:12:10 AM,neutral,97.1
07:12:15 AM,neutral,70.0
07:12:21 AM,neutral,98.3
07:12:26 AM,neutral,99.4
07:12:32 AM,neutral,63.0
07:12:38 AM,neutral,89.7
07:12:43 AM,neutral,62.4
07:12:48 AM,neutral,82.9
07:12:53 AM,neutral,74.9
07:12:59 AM,neutral,97.0
07:13:05 AM,neutral,92.4
07:13:11 AM,neutral,99.9
07:13:16 AM,neutral,96.6
07:13:21 AM,neutral,98.1
07:13:41 AM,neutral,94.0
07:13:49 AM,neutral,98.3
07:13:54 AM,neutral,87.7
07:13:55 AM,sad,67.5
07:14:00 AM,sad,84.3
07:14:07 AM,sad,99.1
07:14:09 AM,angry,100.0
07:14:15 AM,angry,100.0
07:14:20 AM,angry,84.3
07:14:26 AM,angry,44.7
07:14:33 AM,angry,69.7
07:14:38 AM,angry,98.7
07:14:43 AM,angry,95.7
07:14:49 AM,angry,63.2
07:14:54 AM,angry,65.0
07:15:02 AM,angry,73.1
07:15:07 AM,angry,99.8
07:15:12 AM,angry,96.1
07:15:18 AM,angry,92.2
07:15:23 AM,angry,100.0
07:15:28 AM,angry,59.0
07:15:34 AM,angry,52.4
07:15:39 AM,angry,96.5
07:15:44 AM,angry,91.3
07:15:50 AM,angry,100.0
07:15:55 AM,angry,88.3
07:15:56 AM,neutral,99.4
07:16:10 AM,neutral,99.6
07:16:16 AM,neutral,66.8
07:16:21 AM,neutral,93.0
07:16:30 AM,neutral,69.8
07:16:35 AM,neutral,37.6
07:16:40 AM,neutral,53.8
07:16:46 AM,neutral,59.7
07:16:51 AM,neutral,97.0
07:16:57 AM,neutral,72.7
07:17:02 AM,neutral,47.4
07:17:08 AM,neutral,99.1
07:17:13 AM,neutral,97.5
07:17:18 AM,neutral,79.8
07:17:23 AM,neutral,44.3
07:17:28 AM,neutral,50.3
07:17:34 AM,neutral,40.6
07:17:39 AM,neutral,79.8
07:17:45 AM,neutral,68.4
07:17:51 AM,neutral,47.8
07:17:56 AM,neutral,99.7
07:18:02 AM,neutral,92.2
07:18:09 AM,neutral,99.9
07:18:15 AM,neutral,83.1
07:18:20 AM,neutral,72.6
07:18:27 AM,neutral,99.7
07:18:35 AM,neutral,63.8
07:18:41 AM,neutral,54.3
07:18:49 AM,neutral,100.0
07:18:55 AM,neutral,85.3
07:19:00 AM,neutral,37.7
07:19:02 AM,angry,76.1
07:19:08 AM,angry,85.1
07:19:13 AM,angry,97.0
07:19:18 AM,sad,61.8
07:19:29 AM,sad,97.6
07:19:34 AM,sad,70.7
07:19:39 AM,sad,100.0
07:19:46 AM,sad,99.9
07:19:51 AM,sad,58.6
07:19:58 AM,sad,68.4
07:20:03 AM,sad,100.0
07:20:08 AM,sad,99.5
07:20:13 AM,sad,100.0
07:20:44 AM,sad,71.3
07:20:54 AM,sad,84.1
07:20:59 AM,sad,82.0
07:21:05 AM,sad,87.5
12:03:23 PM,,46.8
12:03:26 PM,sad,72.3
12:03:32 PM,sad,69.7
12:03:36 PM,neutral,57.5
12:03:37 PM,sad,97.0
12:03:42 PM,sad,93.7
12:03:47 PM,sad,95.7
12:03:53 PM,sad,75.8
12:03:58 PM,sad,74.3
12:04:03 PM,sad,94.6
12:04:08 PM,sad,97.1
12:04:14 PM,sad,97.0
12:04:19 PM,sad,52.3
12:04:24 PM,sad,90.7
12:04:30 PM,sad,91.6
12:04:35 PM,sad,99.6
12:04:40 PM,sad,96.8
12:04:46 PM,sad,87.9
12:04:51 PM,sad,98.1
12:04:56 PM,sad,98.6
12:05:02 PM,sad,92.8
12:05:07 PM,sad,99.7
12:05:13 PM,sad,97.2
12:05:18 PM,sad,53.8
12:05:23 PM,sad,91.1
12:05:28 PM,sad,96.8
12:05:33 PM,sad,59.6
12:05:39 PM,sad,97.9
12:05:44 PM,sad,87.9
12:05:49 PM,sad,91.0
12:05:54 PM,sad,62.5
12:05:59 PM,sad,99.4
12:06:05 PM,sad,70.0
12:06:11 PM,sad,77.7
12:06:16 PM,sad,65.9
12:07:37 PM,,76.1
12:07:39 PM,sad,89.8
12:07:44 PM,sad,84.2
12:07:49 PM,sad,87.4
12:07:54 PM,sad,84.6
12:07:59 PM,sad,62.5
12:08:05 PM,sad,88.6
12:08:10 PM,sad,66.2
12:08:16 PM,sad,85.3
12:08:21 PM,sad,94.5
12:08:26 PM,sad,88.9
12:08:31 PM,sad,69.3
12:08:37 PM,sad,92.6
12:08:42 PM,sad,71.9
12:08:47 PM,sad,97.4
12:08:52 PM,sad,92.5
12:08:57 PM,sad,80.7
12:09:07 PM,sad,53.8
12:09:12 PM,sad,57.7
12:09:18 PM,sad,59.4
12:09:23 PM,sad,75.3
12:09:28 PM,sad,97.7
12:09:33 PM,sad,97.4
12:09:38 PM,sad,89.0
12:09:43 PM,sad,73.8
12:09:49 PM,sad,62.9
12:09:54 PM,sad,75.7
12:09:59 PM,sad,82.7
12:10:05 PM,sad,58.9
12:10:10 PM,sad,96.1
12:10:15 PM,sad,55.1
12:10:20 PM,sad,60.6
12:10:25 PM,sad,57.8
12:10:30 PM,sad,62.7
12:10:36 PM,sad,84.3
12:10:41 PM,sad,97.6
12:10:46 PM,sad,94.6
12:10:51 PM,sad,99.6
12:10:56 PM,sad,95.9
12:11:01 PM,sad,99.6
12:11:07 PM,sad,99.9
12:11:13 PM,sad,97.6
12:11:18 PM,sad,77.7
12:11:24 PM,sad,90.8
12:11:29 PM,sad,96.8
12:11:34 PM,sad,93.6
12:11:53 PM,sad,53.0
12:11:58 PM,sad,82.6
12:12:03 PM,sad,65.1
12:12:09 PM,sad,83.4
12:12:14 PM,sad,94.4
12:12:19 PM,sad,97.5
12:12:24 PM,sad,96.5
12:12:29 PM,sad,72.1
12:12:35 PM,sad,57.8
12:12:40 PM,sad,48.7
12:12:45 PM,sad,99.3
12:12:50 PM,sad,99.8
12:12:55 PM,happy,76.6
12:13:05 PM,happy,81.1
12:13:11 PM,sad,69.4
12:13:16 PM,sad,96.2
12:13:21 PM,sad,59.0
12:13:26 PM,sad,66.4
12:13:31 PM,sad,65.0
12:13:34 PM,angry,92.3
12:13:43 PM,angry,97.5
12:13:48 PM,angry,74.6
12:13:58 PM,angry,96.6
12:13:59 PM,sad,95.6
12:14:04 PM,sad,61.4
12:14:09 PM,sad,68.4
12:14:14 PM,sad,73.3
12:14:20 PM,sad,84.4
12:14:25 PM,sad,87.1
12:14:30 PM,sad,48.3
12:14:35 PM,sad,67.8
12:15:45 PM,,84.6
12:15:46 PM,sad,83.6
12:15:51 PM,sad,93.7
12:15:56 PM,sad,60.9
12:16:02 PM,sad,96.7
12:16:07 PM,sad,86.6
12:16:12 PM,sad,95.7
12:16:17 PM,sad,76.0
12:16:23 PM,sad,78.2
12:16:29 PM,sad,90.2
12:16:34 PM,sad,83.4
12:16:40 PM,sad,81.2
12:16:43 PM,neutral,58.1
12:16:48 PM,neutral,66.4
12:16:53 PM,neutral,97.3
12:16:59 PM,neutral,95.0
12:17:05 PM,neutral,97.0
12:17:06 PM,sad,90.2
12:17:11 PM,sad,90.9
12:17:16 PM,sad,98.1
12:17:22 PM,sad,97.5
12:17:27 PM,sad,79.4
12:17:32 PM,sad,65.0
12:17:37 PM,sad,61.0
12:17:42 PM,sad,74.4
12:17:44 PM,neutral,95.8
12:17:49 PM,neutral,70.8
12:17:51 PM,sad,53.2
12:17:51 PM,neutral,72.2
12:17:56 PM,neutral,77.8
12:18:01 PM,neutral,55.4
12:18:07 PM,neutral,81.2
12:18:11 PM,angry,80.9
12:18:16 PM,angry,93.1
12:18:22 PM,angry,72.3
12:18:24 PM,neutral,87.5
12:18:29 PM,neutral,89.9
12:18:35 PM,sad,64.5
12:18:41 PM,sad,83.1
12:18:46 PM,sad,65.0
12:18:51 PM,sad,82.7
12:18:57 PM,sad,86.7
12:19:02 PM,sad,94.5
12:19:07 PM,sad,99.9
12:19:13 PM,sad,94.7
12:19:18 PM,sad,81.7
12:19:24 PM,sad,99.7
12:19:29 PM,sad,99.1
12:19:34 PM,sad,96.0
12:19:40 PM,sad,69.8
12:19:45 PM,sad,78.3
12:19:50 PM,sad,61.1
12:19:55 PM,sad,58.3
12:20:01 PM,sad,74.6
12:20:06 PM,sad,100.0
12:20:11 PM,sad,96.6
12:20:16 PM,sad,92.9
12:20:21 PM,sad,83.7
12:20:26 PM,sad,95.7
12:20:32 PM,sad,89.7
12:20:38 PM,sad,74.8
12:20:43 PM,sad,55.9
12:20:48 PM,sad,53.1
12:20:53 PM,sad,98.8
12:20:58 PM,sad,90.5
12:21:03 PM,sad,89.1
12:21:08 PM,sad,97.9
12:21:13 PM,sad,98.9
12:21:19 PM,sad,58.7
12:21:33 PM,sad,67.1
12:21:35 PM,angry,61.8
12:21:37 PM,happy,92.5
12:21:42 PM,happy,90.2
12:21:47 PM,neutral,56.0
12:21:52 PM,neutral,50.2
12:21:54 PM,sad,93.5
12:22:22 PM,sad,99.2
12:22:27 PM,sad,91.3
12:23:05 PM,sad,76.9
12:23:10 PM,sad,63.6
12:23:15 PM,sad,89.1
12:23:21 PM,sad,52.6
12:23:26 PM,sad,91.8
12:23:28 PM,neutral,84.4
12:23:31 PM,angry,93.7
12:23:36 PM,angry,54.7
12:23:40 PM,sad,67.2
12:23:42 PM,neutral,68.4
12:23:43 PM,sad,75.9
12:23:48 PM,sad,58.3
12:23:51 PM,neutral,84.8
12:23:51 PM,sad,68.0
12:23:57 PM,sad,72.3
12:24:02 PM,sad,78.0
12:24:07 PM,sad,47.5
12:24:13 PM,sad,67.2
12:24:18 PM,sad,83.4
12:24:23 PM,sad,89.9
12:24:34 PM,sad,76.5
12:24:40 PM,sad,84.3
12:24:47 PM,sad,98.0
12:24:49 PM,neutral,100.0
12:24:54 PM,neutral,63.8
12:24:59 PM,neutral,84.9
12:25:04 PM,neutral,71.4
12:25:06 PM,sad,91.9
12:25:09 PM,neutral,60.5
12:25:14 PM,neutral,98.3
12:25:19 PM,neutral,98.3
12:25:25 PM,neutral,99.7
12:25:30 PM,neutral,59.4
12:25:35 PM,neutral,61.0
12:25:37 PM,sad,86.9
12:25:42 PM,sad,95.3
12:25:47 PM,sad,94.2
12:25:52 PM,sad,70.4
12:25:58 PM,sad,61.5
12:26:03 PM,sad,62.8
12:26:05 PM,neutral,61.2
12:26:10 PM,neutral,88.8
12:26:15 PM,neutral,58.2
12:26:20 PM,neutral,63.9
12:26:21 PM,sad,76.0
12:26:24 PM,neutral,68.4
12:26:27 PM,sad,66.1
12:26:32 PM,sad,96.3
12:26:34 PM,fear,56.7
12:26:39 PM,fear,49.3
12:26:45 PM,fear,48.8
12:26:47 PM,angry,96.6
12:26:49 PM,sad,95.1
12:26:54 PM,sad,74.3
12:26:57 PM,neutral,61.9
12:27:02 PM,neutral,83.9
12:27:07 PM,neutral,95.6
12:27:12 PM,neutral,83.3
12:27:17 PM,neutral,84.2
12:27:23 PM,sad,89.0
12:27:28 PM,sad,70.9
12:27:33 PM,sad,93.8
12:27:38 PM,sad,96.7
12:27:43 PM,sad,98.0
12:27:49 PM,sad,61.3
12:27:54 PM,sad,99.9
12:28:01 PM,sad,73.6
12:28:06 PM,sad,79.9
12:28:11 PM,sad,95.8
12:28:16 PM,sad,79.6
12:28:21 PM,sad,94.9
12:28:27 PM,sad,50.2
12:28:42 PM,sad,44.7
12:28:47 PM,sad,56.3
12:28:53 PM,sad,96.9
06:54:01 AM,,98.9
06:54:02 AM,sad,100.0
06:54:07 AM,sad,94.6
06:54:12 AM,sad,58.1
06:54:17 AM,sad,91.5
06:54:23 AM,sad,88.3
06:54:28 AM,sad,97.3
06:54:33 AM,sad,99.5
06:54:38 AM,sad,94.6
06:54:43 AM,sad,91.8
06:54:48 AM,sad,49.6
06:54:53 AM,sad,87.9
06:54:58 AM,sad,95.0
06:55:04 AM,sad,96.3
06:55:09 AM,sad,43.2
06:55:15 AM,sad,97.4
06:55:20 AM,sad,44.3
06:55:23 AM,angry,62.6
06:55:27 AM,sad,72.3
06:55:34 AM,sad,98.4
06:55:48 AM,sad,82.8
06:55:54 AM,sad,60.2
06:55:59 AM,sad,76.6
06:56:04 AM,sad,79.8
06:56:09 AM,sad,59.9
06:56:14 AM,angry,53.2
06:56:19 AM,angry,72.6
06:56:23 AM,sad,43.2
06:56:29 AM,sad,52.4
06:56:32 AM,neutral,96.4
06:56:36 AM,angry,61.6
06:56:37 AM,sad,75.6
06:56:42 AM,sad,60.8
06:56:47 AM,sad,51.3
06:56:52 AM,sad,46.3
06:57:01 AM,sad,85.0
06:57:14 AM,sad,86.3
06:57:25 AM,sad,65.6
06:57:37 AM,sad,92.0
06:57:42 AM,sad,67.3
06:57:44 AM,angry,89.2
06:57:50 AM,angry,99.0
06:57:57 AM,angry,91.0
06:58:06 AM,angry,84.5
06:58:12 AM,angry,85.4
06:58:17 AM,angry,98.1
06:59:17 AM,,69.7
06:59:21 AM,neutral,68.2
06:59:27 AM,neutral,57.6
06:59:29 AM,sad,95.0
06:59:34 AM,sad,50.0
06:59:39 AM,sad,51.7
06:59:44 AM,sad,72.8
06:59:49 AM,sad,71.4
06:59:54 AM,sad,86.1
06:59:59 AM,sad,99.0
07:00:05 AM,sad,47.5
07:00:10 AM,sad,88.3
07:00:15 AM,sad,98.0
07:00:52 AM,sad,52.6
07:01:05 AM,sad,82.0
07:01:29 AM,sad,47.9
07:01:43 AM,sad,55.1
07:02:12 AM,sad,48.9
07:02:17 AM,sad,98.6
07:02:22 AM,sad,93.2
07:02:27 AM,sad,92.0
07:02:32 AM,sad,99.8
07:02:37 AM,sad,98.3
07:02:43 AM,sad,99.0
07:02:48 AM,sad,89.8
07:02:53 AM,sad,92.9
07:02:58 AM,sad,95.6
07:03:03 AM,sad,90.2
07:03:09 AM,sad,44.3
07:03:14 AM,sad,77.3
07:03:19 AM,angry,96.5
07:03:24 AM,angry,59.3
07:03:40 AM,angry,62.3
07:03:46 AM,angry,66.0
07:03:54 AM,angry,59.8
07:03:59 AM,angry,99.0
07:03:59 AM,sad,98.7
07:04:04 AM,sad,97.0
07:04:09 AM,sad,93.8
07:04:14 AM,sad,51.7
07:04:24 AM,sad,94.8
07:04:29 AM,sad,96.5
07:04:34 AM,sad,74.3
07:04:47 AM,sad,94.0
07:04:53 AM,sad,95.7
07:05:24 AM,sad,55.8
07:05:25 AM,angry,26.8
07:05:42 AM,angry,89.9
07:05:47 AM,angry,50.0
07:05:54 AM,angry,68.8
07:06:06 AM,angry,64.9
07:06:11 AM,angry,93.5
07:06:12 AM,sad,94.3
07:06:17 AM,sad,61.8
07:06:22 AM,sad,53.4
07:06:28 AM,sad,95.2
07:06:33 AM,sad,86.3
07:06:38 AM,sad,97.6
07:06:43 AM,sad,55.9
07:06:48 AM,sad,91.0
07:06:53 AM,sad,92.9
07:06:58 AM,sad,98.5
07:07:04 AM,sad,55.8
07:07:09 AM,sad,91.6
07:07:14 AM,sad,57.4
07:07:19 AM,sad,53.8
07:07:24 AM,sad,75.1
07:07:30 AM,sad,66.7
07:08:51 AM,,64.3
07:08:55 AM,neutral,60.4
07:09:04 AM,neutral,70.7
07:09:09 AM,neutral,46.1
07:09:14 AM,neutral,51.5
07:09:19 AM,neutral,48.4
07:09:22 AM,angry,75.6
07:09:27 AM,angry,85.4
07:09:32 AM,angry,60.0
07:09:34 AM,sad,61.3
07:09:39 AM,sad,96.1
07:09:45 AM,sad,79.9
07:09:50 AM,sad,39.7
07:09:55 AM,sad,90.8
07:10:00 AM,sad,93.0
07:10:06 AM,sad,95.4
07:10:11 AM,sad,84.5
07:10:21 AM,sad,99.8
07:10:36 AM,sad,79.5
07:11:25 AM,sad,74.2
07:11:33 AM,sad,50.4
07:11:38 AM,sad,96.8
07:11:43 AM,sad,67.4
07:11:48 AM,sad,88.3
07:11:54 AM,sad,66.0
07:11:59 AM,sad,98.3
07:12:04 AM,sad,58.5
07:12:09 AM,sad,75.8
07:12:14 AM,sad,86.1
07:12:19 AM,sad,96.0
07:12:25 AM,sad,85.5
07:12:30 AM,sad,97.8
07:12:35 AM,sad,68.2
07:12:40 AM,sad,96.7
07:12:45 AM,sad,99.0
07:12:51 AM,sad,97.0
07:12:56 AM,sad,99.5
07:13:01 AM,sad,99.1
07:13:06 AM,sad,98.9
07:13:11 AM,sad,99.6
07:13:16 AM,sad,80.0
07:13:21 AM,sad,99.0
07:13:26 AM,sad,95.7
07:13:32 AM,sad,73.2
07:13:40 AM,sad,84.6
07:13:45 AM,sad,42.3
07:14:06 AM,sad,97.7
07:14:12 AM,sad,80.6
07:14:18 AM,sad,80.4
07:14:23 AM,sad,92.1
07:14:28 AM,sad,96.4
07:14:33 AM,sad,89.2
07:14:38 AM,sad,90.2
07:14:43 AM,sad,64.4
07:14:49 AM,sad,97.3
07:15:27 AM,sad,100.0
07:15:34 AM,sad,99.2
07:15:39 AM,sad,79.0
07:15:45 AM,sad,43.3
07:15:50 AM,sad,65.3
07:15:55 AM,sad,77.6
07:15:55 AM,angry,63.0
07:16:01 AM,angry,88.1
07:16:06 AM,angry,96.5
07:16:07 AM,sad,87.6
07:16:12 AM,sad,50.6
07:16:17 AM,sad,89.0
07:16:22 AM,sad,91.6
07:16:27 AM,sad,99.0
07:16:32 AM,sad,95.4
07:16:37 AM,sad,97.2
07:16:42 AM,sad,93.3
07:16:48 AM,sad,84.4
07:16:53 AM,sad,91.3
07:16:58 AM,sad,97.4
07:17:03 AM,sad,72.3
07:17:08 AM,sad,52.3
07:17:13 AM,sad,99.5
07:17:18 AM,sad,99.2
07:17:23 AM,sad,99.9
07:17:28 AM,sad,99.4
07:17:33 AM,sad,95.9
07:17:39 AM,sad,69.8
07:17:44 AM,sad,86.3
07:17:55 AM,sad,61.4
07:18:00 AM,sad,99.9
07:18:27 AM,sad,80.1
07:18:31 AM,angry,52.7
07:18:36 AM,angry,49.0
07:18:38 AM,sad,57.0
07:18:43 AM,sad,71.0
07:18:47 AM,angry,69.2
07:18:52 AM,angry,61.1
07:18:56 AM,sad,63.2
07:19:01 AM,sad,49.5
07:19:06 AM,sad,48.3
07:19:11 AM,sad,90.2
07:19:17 AM,sad,56.1
07:19:19 AM,angry,81.5
07:19:24 AM,angry,55.0
07:19:25 AM,sad,86.5
07:19:31 AM,sad,92.6
07:19:33 AM,angry,93.8
07:19:38 AM,angry,59.3
07:19:44 AM,angry,68.9
07:19:54 AM,angry,85.8
07:19:55 AM,sad,51.7
07:20:36 AM,sad,87.6
07:20:50 AM,sad,55.2
07:20:51 AM,angry,96.3
07:20:52 AM,sad,78.8
07:20:57 AM,sad,90.5
07:21:02 AM,sad,94.2
02:08:44 PM,,47.9
02:08:45 PM,sad,82.1
02:08:50 PM,sad,63.1
02:08:55 PM,sad,63.4
02:09:01 PM,sad,63.7
02:09:06 PM,sad,85.8
02:09:09 PM,neutral,78.5
02:09:14 PM,neutral,99.6
02:09:19 PM,neutral,49.8
02:09:23 PM,sad,86.6
02:09:28 PM,sad,78.1
02:09:33 PM,sad,81.4
02:09:39 PM,sad,83.1
02:09:45 PM,sad,98.0
02:09:50 PM,sad,42.6
02:09:56 PM,sad,69.4
02:10:01 PM,sad,78.6
02:10:06 PM,sad,68.8
02:10:13 PM,sad,62.9
02:10:23 PM,sad,48.8
02:10:28 PM,sad,78.4
02:10:35 PM,sad,69.5
02:10:46 PM,sad,44.6
02:10:52 PM,sad,97.5
02:10:57 PM,sad,64.1
02:11:02 PM,sad,67.3
02:11:07 PM,sad,80.7
02:11:12 PM,sad,81.0
02:11:18 PM,sad,49.9
02:11:19 PM,angry,61.5
02:11:20 PM,sad,87.4
02:11:25 PM,angry,92.4
02:11:30 PM,angry,96.1
02:11:30 PM,sad,85.1
02:11:35 PM,sad,40.1
02:11:41 PM,sad,78.0
02:11:46 PM,sad,85.1
02:12:12 PM,sad,59.7
02:12:17 PM,sad,43.5
02:12:23 PM,sad,50.9
02:12:29 PM,sad,42.0
02:12:34 PM,sad,98.8
02:12:40 PM,sad,92.8
02:12:45 PM,sad,87.8
02:12:50 PM,sad,55.3
02:12:55 PM,sad,48.6
02:13:00 PM,sad,39.8
02:13:06 PM,sad,90.6
02:13:08 PM,angry,65.9
02:13:15 PM,angry,48.0
02:13:20 PM,angry,52.4
02:13:26 PM,angry,37.6
02:13:31 PM,angry,52.0
02:13:37 PM,angry,29.5
02:13:43 PM,angry,38.2
02:13:48 PM,angry,60.5
02:13:55 PM,angry,33.1
02:14:00 PM,angry,45.0
02:14:05 PM,angry,60.3
02:14:10 PM,angry,95.1
02:14:15 PM,angry,74.0
02:14:21 PM,angry,76.5
02:14:26 PM,angry,93.6
02:14:29 PM,sad,79.4
02:14:34 PM,angry,66.6
02:14:35 PM,sad,82.6
02:14:37 PM,angry,66.2
02:14:43 PM,angry,49.7
02:14:49 PM,angry,37.1
02:14:54 PM,angry,40.4
02:14:59 PM,angry,79.9
02:15:05 PM,angry,53.4
02:15:08 PM,sad,64.6
02:15:13 PM,sad,93.9
02:15:19 PM,sad,35.9
02:15:26 PM,sad,49.7
02:15:30 PM,angry,59.0
02:15:31 PM,sad,53.5
02:15:36 PM,sad,55.8
02:15:41 PM,sad,63.6
02:15:44 PM,angry,72.5
02:15:49 PM,angry,64.9
02:15:55 PM,angry,50.7
02:16:00 PM,angry,60.3
02:16:06 PM,angry,56.6
02:16:11 PM,angry,44.2
02:16:17 PM,angry,40.2
02:16:19 PM,neutral,55.7
02:16:25 PM,neutral,42.6
02:16:33 PM,neutral,87.9
02:16:40 PM,neutral,59.2
02:16:45 PM,neutral,53.1
02:16:50 PM,neutral,53.5
02:16:55 PM,neutral,52.5
02:17:01 PM,neutral,49.6
02:17:08 PM,neutral,50.6
02:17:15 PM,neutral,36.1
02:17:20 PM,neutral,39.1
02:17:26 PM,neutral,74.7
02:17:31 PM,neutral,88.2
02:17:32 PM,sad,71.0
02:17:34 PM,angry,66.4
02:17:40 PM,angry,76.6
02:17:45 PM,angry,98.0
02:17:46 PM,sad,91.2
02:17:51 PM,sad,60.0
02:17:56 PM,sad,53.4
02:18:02 PM,sad,50.3
02:18:08 PM,sad,59.9
02:18:12 PM,angry,51.4
02:18:18 PM,angry,95.1
02:18:24 PM,angry,61.9
02:18:29 PM,angry,84.0
02:18:35 PM,angry,43.2
02:18:41 PM,angry,36.8
02:18:48 PM,angry,51.4
02:18:55 PM,angry,46.7
02:18:59 PM,neutral,95.2
02:19:01 PM,angry,48.2
02:19:01 PM,neutral,47.3
02:19:02 PM,sad,90.3
02:19:07 PM,sad,51.7
02:19:11 PM,angry,75.3
02:19:17 PM,angry,97.7
02:19:22 PM,angry,64.7
02:19:27 PM,angry,70.6
02:19:32 PM,angry,43.4
02:19:37 PM,angry,34.2
02:19:42 PM,angry,49.0
02:19:47 PM,angry,67.1
02:19:53 PM,angry,46.1
02:19:56 PM,neutral,74.5
02:20:01 PM,neutral,34.4
02:20:04 PM,sad,69.3
02:20:09 PM,sad,66.0
02:20:11 PM,angry,82.0
02:20:16 PM,angry,50.8
02:20:21 PM,angry,98.0
02:20:27 PM,angry,52.3
02:20:33 PM,angry,34.9
02:20:38 PM,angry,72.4
02:20:40 PM,sad,50.6
02:20:45 PM,sad,81.2
02:20:50 PM,sad,95.1
02:20:56 PM,sad,40.8
02:21:01 PM,sad,58.9
02:21:16 PM,sad,90.6
02:21:29 PM,sad,99.8
02:21:40 PM,sad,92.8
02:21:45 PM,sad,79.2
02:21:50 PM,sad,98.5
02:21:55 PM,sad,96.6
02:22:13 PM,sad,73.1
02:22:18 PM,sad,77.8
02:22:23 PM,sad,64.4
02:22:26 PM,angry,78.0
02:22:32 PM,angry,92.7
02:22:33 PM,sad,53.1
02:22:39 PM,sad,78.8
02:22:39 PM,angry,90.8
02:22:44 PM,angry,97.5
02:22:49 PM,angry,52.9
02:22:54 PM,angry,73.1
02:23:09 PM,angry,95.5
02:23:18 PM,angry,52.5
02:23:32 PM,angry,86.9
02:23:37 PM,angry,73.0
02:23:42 PM,angry,84.7
02:23:47 PM,angry,100.0
02:23:48 PM,sad,99.6
02:23:53 PM,neutral,57.8
02:23:58 PM,neutral,76.6
02:24:03 PM,neutral,97.7
02:24:06 PM,sad,96.8
02:24:11 PM,sad,63.6
02:24:16 PM,sad,99.7
02:24:21 PM,sad,86.8
02:24:27 PM,sad,98.8
02:24:32 PM,sad,83.3
02:24:37 PM,sad,37.3
02:24:42 PM,sad,49.4
02:24:47 PM,sad,99.8
02:24:53 PM,sad,84.4
02:24:58 PM,sad,99.5
02:25:03 PM,sad,85.3
02:25:25 PM,sad,87.2
02:25:33 PM,sad,99.5
02:25:38 PM,sad,49.5
02:25:43 PM,sad,98.6
02:25:47 PM,angry,91.8
02:25:53 PM,angry,68.9
02:25:56 PM,sad,45.7
02:26:02 PM,sad,54.0
02:26:07 PM,sad,73.3
02:26:12 PM,sad,98.5
02:26:18 PM,sad,75.4
02:26:23 PM,sad,76.3
02:26:28 PM,sad,96.9
02:26:33 PM,sad,97.9
02:26:38 PM,sad,52.2
02:26:45 PM,sad,60.4
02:26:50 PM,sad,48.1
02:26:55 PM,sad,76.5
02:27:01 PM,sad,60.4
02:27:07 PM,sad,97.9
02:27:12 PM,sad,89.2
02:27:24 PM,sad,76.6
02:27:29 PM,sad,88.0
02:27:34 PM,sad,93.2
02:27:39 PM,sad,41.8
02:27:45 PM,sad,84.9
02:27:52 PM,sad,99.3
02:27:59 PM,sad,89.6
02:28:05 PM,sad,93.3
02:28:10 PM,sad,99.3
02:28:15 PM,sad,90.4
02:28:23 PM,sad,83.5
02:28:28 PM,sad,99.5
02:28:33 PM,sad,99.8
02:28:38 PM,sad,99.1
02:28:43 PM,sad,66.7
02:28:48 PM,sad,56.7
02:28:59 PM,sad,40.1
02:29:12 PM,sad,85.4
02:29:17 PM,sad,79.9
02:29:21 PM,angry,84.4
02:29:26 PM,angry,99.0
02:29:30 PM,sad,94.9
02:29:35 PM,sad,74.9
02:29:40 PM,sad,47.3
02:29:45 PM,sad,51.0
02:29:51 PM,sad,55.5
02:29:57 PM,sad,38.5
02:30:02 PM,sad,98.7
02:30:07 PM,sad,57.5
02:30:11 PM,angry,77.3
02:30:14 PM,sad,98.5
02:30:20 PM,sad,100.0
02:30:25 PM,sad,70.3
02:30:30 PM,sad,99.2
02:30:35 PM,sad,55.7
02:30:40 PM,sad,99.4
02:30:45 PM,sad,95.3
02:30:50 PM,sad,39.7
02:30:55 PM,sad,94.3
02:31:00 PM,sad,99.9
02:31:06 PM,sad,86.3
02:31:13 PM,sad,50.8
02:31:19 PM,sad,94.8
02:31:29 PM,sad,83.9
02:31:33 PM,angry,53.8
02:31:39 PM,angry,69.0
02:31:44 PM,angry,99.4
02:31:50 PM,angry,95.7
02:31:55 PM,angry,99.6
02:32:01 PM,sad,61.9
02:32:06 PM,sad,99.5
02:32:11 PM,sad,83.6
02:32:16 PM,sad,99.5
02:32:21 PM,sad,98.9
02:32:26 PM,sad,86.1
02:32:36 PM,sad,58.6
02:32:41 PM,sad,99.9
02:32:46 PM,sad,99.8
02:32:51 PM,sad,99.1
02:32:56 PM,sad,71.2
02:33:02 PM,sad,87.5
02:33:09 PM,sad,79.8
02:33:14 PM,sad,73.2
02:33:19 PM,sad,99.0
02:33:24 PM,sad,98.2
02:33:29 PM,sad,81.4
02:33:50 PM,sad,54.9
02:33:56 PM,sad,87.0
02:34:01 PM,sad,54.7
02:34:06 PM,sad,54.4
02:34:11 PM,sad,60.2
02:34:16 PM,sad,77.4
02:34:21 PM,angry,99.1
02:34:26 PM,angry,93.7
02:34:27 PM,sad,99.3
02:34:32 PM,sad,99.4
02:34:37 PM,sad,99.6
02:34:42 PM,sad,46.4
02:34:56 PM,sad,96.6
02:35:01 PM,sad,83.9
02:36:08 PM,,42.4
02:36:09 PM,sad,89.7
02:36:14 PM,sad,77.7
02:36:20 PM,sad,91.1
02:36:25 PM,sad,99.1
02:36:30 PM,sad,83.1
02:36:35 PM,sad,99.7
02:36:41 PM,sad,99.8
02:36:46 PM,sad,96.8
02:36:51 PM,sad,86.2
02:36:57 PM,sad,87.0
02:37:02 PM,sad,50.3
02:37:07 PM,sad,78.8
02:37:12 PM,sad,90.1
02:37:17 PM,sad,63.8
02:37:22 PM,sad,57.9
02:37:27 PM,sad,58.2
02:37:30 PM,neutral,63.2
02:37:35 PM,sad,95.3
02:38:03 PM,sad,66.1
02:39:08 PM,sad,44.5
02:39:18 PM,sad,70.6
02:39:35 PM,sad,98.5
02:39:43 PM,sad,68.4
02:39:54 PM,sad,47.8
02:39:59 PM,sad,87.9
02:40:04 PM,sad,73.0
02:40:09 PM,sad,71.0
02:40:14 PM,sad,61.8
02:40:19 PM,sad,68.7
02:40:25 PM,sad,51.5
02:40:30 PM,sad,96.4
02:40:35 PM,sad,88.6
02:40:40 PM,sad,56.1
02:40:46 PM,sad,94.4
02:40:51 PM,angry,96.4
02:40:53 PM,sad,65.0
02:40:56 PM,angry,69.8
02:41:02 PM,angry,93.3
02:41:16 PM,angry,43.9
02:41:19 PM,sad,64.4
02:41:36 PM,sad,50.0
02:41:54 PM,sad,99.4
02:41:59 PM,sad,51.8
02:42:03 PM,angry,69.8
02:42:08 PM,angry,75.5
02:42:13 PM,angry,74.3
02:42:18 PM,angry,76.9
02:42:23 PM,angry,63.2
02:42:28 PM,angry,79.1
02:42:33 PM,angry,76.6
02:42:38 PM,angry,40.3
02:42:44 PM,angry,64.7
02:42:49 PM,angry,76.7
02:42:54 PM,angry,74.8
02:42:59 PM,angry,55.7
02:43:04 PM,angry,52.9
02:43:09 PM,angry,74.5
02:43:14 PM,angry,79.5
02:43:19 PM,angry,78.8
02:43:25 PM,angry,78.1
02:43:30 PM,angry,63.5
02:43:35 PM,angry,56.4
02:43:40 PM,angry,76.5
02:43:46 PM,angry,85.4
02:43:51 PM,angry,64.5
02:43:56 PM,angry,70.1
02:44:01 PM,angry,77.3
02:44:06 PM,angry,63.6
02:44:11 PM,angry,80.1
02:44:16 PM,angry,72.8
02:44:22 PM,angry,82.2
02:44:27 PM,angry,59.7
02:44:32 PM,angry,79.4
02:44:37 PM,angry,76.4
02:44:42 PM,angry,74.6
02:44:47 PM,angry,76.4
02:44:52 PM,angry,63.3
02:44:57 PM,angry,52.8
02:45:03 PM,angry,70.8
02:45:08 PM,angry,79.6
02:45:13 PM,angry,48.8
02:45:21 PM,angry,69.4
02:45:26 PM,angry,32.4
02:45:31 PM,angry,78.4
02:45:36 PM,angry,74.1
02:45:41 PM,angry,52.8
02:45:46 PM,angry,66.6
02:45:51 PM,angry,45.7
02:45:59 PM,angry,48.9
02:46:06 PM,angry,84.5
02:46:15 PM,angry,49.2
02:46:20 PM,angry,74.0
02:46:25 PM,angry,75.6
02:46:30 PM,angry,75.8
02:46:36 PM,angry,64.1
02:46:42 PM,angry,90.5
02:46:47 PM,angry,75.0
02:46:53 PM,angry,67.7
02:46:59 PM,angry,75.0
02:47:05 PM,angry,81.3
02:47:10 PM,angry,69.6
02:47:15 PM,angry,76.4
02:47:20 PM,angry,51.6
02:47:25 PM,angry,72.4
02:47:29 PM,sad,62.1
02:47:34 PM,sad,73.4
02:47:38 PM,angry,44.3
02:47:50 PM,angry,77.3
02:47:55 PM,angry,80.1
02:48:01 PM,angry,79.0
02:48:06 PM,angry,77.4
02:48:11 PM,angry,66.3
02:48:18 PM,angry,78.2
02:48:28 PM,angry,81.5
02:48:35 PM,angry,85.9
02:48:41 PM,angry,85.6
02:48:47 PM,angry,99.7
02:48:54 PM,angry,73.9
02:49:00 PM,angry,79.5
02:49:10 PM,angry,71.6
02:49:15 PM,angry,84.3
02:49:24 PM,angry,81.3
02:49:30 PM,sad,63.4
02:49:31 PM,angry,90.7
02:49:36 PM,angry,92.0
02:49:38 PM,sad,96.9
02:49:43 PM,sad,62.7
02:49:48 PM,sad,52.0
02:49:52 PM,angry,76.5
02:49:58 PM,angry,69.7
02:50:03 PM,angry,99.7
02:50:09 PM,angry,46.4
02:50:14 PM,angry,82.1
02:50:23 PM,angry,81.1
02:50:28 PM,angry,99.8
02:50:33 PM,angry,99.5
02:50:38 PM,angry,65.7
02:50:43 PM,angry,99.2
02:50:49 PM,angry,90.6
02:50:54 PM,angry,81.8
02:51:00 PM,angry,83.4
02:51:06 PM,angry,99.8
02:51:14 PM,angry,65.0
02:51:33 PM,angry,99.7
02:51:39 PM,angry,82.9
02:51:46 PM,angry,81.0
02:51:51 PM,angry,82.2
02:51:57 PM,angry,81.6
02:52:02 PM,angry,78.8
02:52:08 PM,angry,79.0
02:52:14 PM,angry,80.7
05:08:55 PM,,89.0
05:08:55 PM,angry,80.8
05:09:00 PM,angry,59.3
05:09:05 PM,neutral,87.1
05:09:10 PM,neutral,60.5
05:09:15 PM,neutral,52.9
05:09:16 PM,angry,46.2
05:09:22 PM,angry,50.3
05:09:27 PM,angry,58.2
05:09:32 PM,angry,57.7
05:09:35 PM,neutral,51.5
05:09:40 PM,neutral,61.5
05:09:46 PM,neutral,67.4
05:09:50 PM,angry,34.2
05:09:55 PM,angry,55.5
05:10:00 PM,angry,39.6
05:10:06 PM,angry,55.9
05:10:11 PM,angry,75.8
05:10:13 PM,sad,80.7
05:10:18 PM,sad,67.0
05:10:23 PM,sad,98.7
05:10:28 PM,sad,98.0
05:10:33 PM,sad,44.4
05:10:39 PM,sad,58.1
05:10:44 PM,sad,51.1
05:10:49 PM,sad,73.8
05:10:49 PM,angry,66.5
05:10:52 PM,neutral,84.1
05:10:58 PM,neutral,59.6
05:11:03 PM,neutral,94.9
05:11:08 PM,neutral,71.6
05:11:11 PM,sad,76.2
05:11:16 PM,sad,62.4
05:11:18 PM,angry,99.8
05:11:20 PM,sad,75.3
05:11:25 PM,sad,60.9
05:11:31 PM,sad,62.7
05:11:36 PM,sad,76.7
05:11:40 PM,neutral,35.1
05:11:45 PM,neutral,61.1
05:11:50 PM,sad,89.1
05:11:55 PM,sad,99.6
05:12:00 PM,sad,97.5
05:12:06 PM,sad,91.8
05:12:11 PM,sad,51.0
05:12:16 PM,sad,49.1
05:12:19 PM,neutral,47.8
05:12:24 PM,neutral,69.2
05:12:29 PM,neutral,57.7
05:12:34 PM,angry,97.9
05:12:35 PM,neutral,92.5
05:12:36 PM,sad,96.2
05:12:41 PM,sad,81.9
05:12:46 PM,sad,94.7
05:12:51 PM,sad,88.7
05:12:56 PM,sad,89.0
05:13:01 PM,sad,98.3
05:13:07 PM,sad,99.7
05:13:12 PM,sad,39.5
05:13:17 PM,sad,95.2
05:13:22 PM,sad,46.6
05:13:27 PM,neutral,70.1
05:13:27 PM,sad,42.1
05:13:33 PM,sad,37.5
05:13:38 PM,sad,38.4
05:13:41 PM,neutral,64.5
05:13:44 PM,angry,37.8
05:13:49 PM,angry,39.8
05:13:54 PM,angry,49.8
05:14:00 PM,angry,95.4
05:14:04 PM,sad,93.6
05:14:09 PM,sad,96.3
05:14:14 PM,sad,56.9
05:14:19 PM,sad,85.1
05:14:24 PM,sad,77.7
05:14:29 PM,sad,96.8
05:14:34 PM,sad,99.4
05:14:39 PM,sad,43.9
05:14:44 PM,sad,52.0
05:14:50 PM,sad,86.7
05:14:55 PM,sad,68.8
05:15:00 PM,sad,91.4
05:15:05 PM,sad,99.2
05:15:10 PM,sad,35.4
05:15:16 PM,sad,99.2
05:15:21 PM,sad,40.2
05:15:26 PM,sad,82.6
05:15:31 PM,fear,89.9
05:15:36 PM,fear,94.0
05:15:41 PM,fear,54.7
05:15:41 PM,sad,53.5
05:15:46 PM,sad,68.6
05:15:48 PM,angry,99.2
05:15:53 PM,sad,93.0
05:15:58 PM,sad,49.2
05:16:03 PM,sad,73.7
05:16:08 PM,sad,49.3
05:16:13 PM,sad,87.9
05:16:18 PM,sad,93.0
05:16:23 PM,sad,92.8
05:16:29 PM,sad,79.2
05:16:34 PM,sad,91.8
05:16:39 PM,sad,85.7
05:16:44 PM,sad,98.8
05:16:50 PM,sad,90.6
05:16:55 PM,sad,96.3
05:17:00 PM,sad,97.2
05:17:05 PM,sad,69.0
05:17:10 PM,sad,64.9
05:17:15 PM,sad,75.2
05:17:20 PM,sad,100.0
05:17:26 PM,sad,55.2
05:17:31 PM,sad,79.4
05:17:32 PM,fear,62.2
05:17:37 PM,fear,63.4
05:17:42 PM,fear,87.9
05:17:46 PM,sad,85.1
05:17:51 PM,sad,91.5
05:17:57 PM,sad,58.2
05:18:02 PM,sad,74.3
05:18:07 PM,sad,66.3
05:18:12 PM,sad,94.9
05:18:17 PM,sad,64.6
05:18:22 PM,sad,98.7
05:18:23 PM,neutral,59.0
05:18:28 PM,neutral,69.9
05:18:29 PM,angry,75.3
05:18:34 PM,angry,43.7
05:18:39 PM,sad,96.4
05:18:44 PM,sad,46.2
05:18:49 PM,sad,58.0
05:18:54 PM,sad,47.7
05:18:57 PM,neutral,76.9
05:18:58 PM,sad,74.4
05:19:03 PM,sad,96.3
05:19:08 PM,sad,60.3
05:19:13 PM,sad,96.3
05:19:18 PM,sad,97.3
05:19:23 PM,sad,97.7
05:19:29 PM,sad,91.0
05:19:34 PM,sad,85.4
05:19:39 PM,sad,63.6
05:19:40 PM,fear,49.8
05:19:45 PM,fear,95.9
05:19:46 PM,sad,83.9
05:19:51 PM,sad,53.7
05:19:56 PM,sad,85.2
05:20:01 PM,sad,76.7
05:20:07 PM,sad,77.4
05:20:11 PM,neutral,63.4
05:20:17 PM,neutral,39.4
05:20:22 PM,neutral,78.8
05:20:26 PM,sad,94.6
05:20:31 PM,sad,81.4
05:20:36 PM,sad,82.3
05:20:42 PM,sad,87.8
05:20:47 PM,sad,92.8
05:20:52 PM,sad,84.4
05:20:57 PM,sad,62.2
05:21:02 PM,sad,99.8
05:21:07 PM,sad,74.6
05:21:11 PM,angry,79.8
05:21:16 PM,angry,89.5
05:21:20 PM,fear,82.9
05:21:25 PM,fear,74.9
05:21:30 PM,fear,84.3
05:21:35 PM,fear,63.9
05:21:41 PM,fear,77.2
05:21:46 PM,fear,49.1
05:21:51 PM,fear,44.0
05:21:53 PM,angry,55.0
05:21:58 PM,angry,52.2
05:22:03 PM,angry,74.2
05:22:08 PM,angry,71.4
05:22:11 PM,sad,86.5
05:22:16 PM,sad,68.8
05:22:17 PM,fear,73.7
05:22:18 PM,neutral,43.1
05:22:23 PM,neutral,53.2
05:22:24 PM,angry,54.3
05:22:29 PM,angry,78.4
05:22:34 PM,angry,40.0
05:22:39 PM,angry,59.3
05:22:45 PM,angry,44.7
05:22:50 PM,angry,81.7
05:22:55 PM,angry,58.2
05:22:56 PM,sad,53.1
05:23:01 PM,sad,55.3
05:23:07 PM,sad,74.7
05:23:07 PM,neutral,84.0
05:23:12 PM,neutral,48.7
05:23:18 PM,neutral,70.7
05:23:23 PM,neutral,50.8
05:23:26 PM,sad,61.3
05:23:31 PM,sad,87.2
05:23:31 PM,angry,92.6
05:23:37 PM,angry,56.3
05:23:42 PM,sad,67.1
05:23:47 PM,sad,53.3
05:23:52 PM,sad,93.8
05:23:57 PM,angry,66.3
05:24:02 PM,angry,80.5
05:24:07 PM,angry,75.5
05:24:08 PM,sad,57.9
05:24:11 PM,angry,72.9
05:24:16 PM,angry,72.6
05:24:21 PM,angry,75.1
05:24:26 PM,angry,61.9
05:24:31 PM,angry,88.2
05:24:37 PM,angry,70.5
05:24:43 PM,angry,54.6
05:24:48 PM,angry,69.6
05:24:54 PM,angry,54.0
05:24:55 PM,sad,52.1
05:24:57 PM,angry,48.7
05:25:01 PM,sad,88.1
05:25:06 PM,sad,42.5
05:25:11 PM,sad,82.3
05:25:15 PM,angry,85.2
05:25:20 PM,angry,82.5
05:25:25 PM,angry,73.9
05:25:30 PM,angry,45.5
05:25:35 PM,angry,61.8
05:25:40 PM,angry,43.4
05:25:46 PM,angry,99.3
05:25:51 PM,angry,88.8
05:25:53 PM,sad,41.2
05:25:59 PM,sad,79.6
05:26:02 PM,angry,59.5
05:26:02 PM,sad,60.5
05:26:07 PM,sad,81.4
05:26:12 PM,sad,83.3
05:26:17 PM,sad,42.8
05:26:22 PM,sad,96.0
05:26:28 PM,sad,95.3
05:26:33 PM,sad,46.2
05:26:34 PM,angry,48.0
05:26:39 PM,angry,77.3
05:26:44 PM,angry,42.9
05:26:49 PM,angry,78.5
05:26:54 PM,angry,40.8
05:27:00 PM,angry,72.7
05:27:06 PM,angry,98.9
05:27:10 PM,neutral,58.8
05:27:16 PM,neutral,52.8
05:27:29 PM,neutral,61.1
05:27:34 PM,fear,86.9
05:27:36 PM,sad,98.0
05:27:41 PM,sad,90.9
05:27:48 PM,sad,85.9
05:27:54 PM,sad,85.5
05:27:59 PM,sad,93.9
05:28:04 PM,sad,87.8
05:28:09 PM,sad,37.9
05:28:11 PM,neutral,54.2
05:28:12 PM,fear,75.9
05:28:18 PM,fear,88.4
05:28:23 PM,fear,90.8
05:28:28 PM,fear,80.6
05:28:33 PM,fear,82.0
05:28:38 PM,fear,78.6
05:28:43 PM,fear,87.8
05:28:48 PM,fear,59.4
05:28:54 PM,fear,75.8
05:30:15 PM,,84.8
05:30:16 PM,neutral,98.0
05:30:19 PM,angry,63.0
05:30:24 PM,angry,50.3
05:30:29 PM,angry,71.7
05:30:34 PM,angry,49.3
05:30:39 PM,angry,40.8
05:30:44 PM,angry,66.6
05:30:49 PM,angry,46.4
05:30:55 PM,angry,60.8
05:31:00 PM,angry,62.9
05:31:05 PM,angry,70.7
05:31:08 PM,fear,51.4
05:31:14 PM,fear,52.0
05:31:19 PM,fear,91.1
05:31:24 PM,fear,81.2
05:31:29 PM,fear,87.7
05:31:33 PM,sad,97.4
05:31:38 PM,sad,95.3
05:31:43 PM,sad,95.3
05:31:48 PM,sad,94.0
05:31:53 PM,sad,76.5
05:31:58 PM,sad,88.3
05:32:02 PM,fear,58.9
05:32:07 PM,fear,69.2
05:32:12 PM,fear,77.6
05:32:15 PM,angry,66.2
05:32:20 PM,angry,66.3
05:32:25 PM,angry,90.0
05:32:25 PM,sad,91.3
05:32:31 PM,sad,65.8
05:32:36 PM,sad,81.0
05:32:41 PM,sad,99.4
05:32:46 PM,sad,71.5
05:32:51 PM,sad,68.7
05:32:55 PM,neutral,78.9
05:32:56 PM,angry,67.8
05:33:01 PM,angry,91.0
05:33:03 PM,neutral,58.3
05:33:03 PM,angry,57.8
05:33:06 PM,fear,100.0
05:33:11 PM,fear,70.0
05:33:17 PM,fear,77.1
05:33:22 PM,fear,65.8
05:33:28 PM,fear,91.0
05:33:33 PM,fear,70.8
05:33:39 PM,fear,84.9
05:33:44 PM,fear,97.3
05:33:50 PM,fear,44.1
05:33:55 PM,fear,59.5
05:34:00 PM,fear,92.8
05:34:05 PM,fear,64.3
05:34:10 PM,fear,55.6
05:34:16 PM,fear,59.0
05:34:16 PM,sad,56.3
05:34:22 PM,sad,68.5
05:35:22 PM,,70.5
05:35:23 PM,angry,82.6
05:35:28 PM,angry,78.6
05:35:28 PM,fear,72.4
05:35:33 PM,fear,50.4
05:35:36 PM,disgust,58.6
05:35:42 PM,disgust,41.6
05:35:43 PM,angry,46.0
05:35:48 PM,angry,50.8
05:35:53 PM,angry,44.2
05:35:58 PM,angry,74.6
05:36:03 PM,angry,69.9
05:36:08 PM,angry,84.7
05:36:13 PM,angry,57.7
05:36:18 PM,angry,57.2
05:36:23 PM,angry,34.2
05:36:28 PM,angry,74.2
05:36:34 PM,angry,91.3
05:36:39 PM,angry,57.1
05:36:43 PM,fear,63.1
05:36:48 PM,fear,94.0
05:36:53 PM,fear,50.1
05:36:54 PM,angry,58.0
05:36:59 PM,sad,63.2
05:37:04 PM,sad,75.3
05:37:09 PM,sad,47.9
05:37:14 PM,sad,38.1
05:37:19 PM,sad,89.0
05:37:24 PM,sad,52.3
05:37:30 PM,sad,63.0
05:37:35 PM,sad,78.8
05:37:40 PM,sad,99.9
05:37:45 PM,sad,42.1
05:37:50 PM,sad,95.0
05:37:56 PM,sad,98.2
05:38:01 PM,sad,99.3
05:38:06 PM,sad,99.2
05:38:11 PM,sad,99.8
05:38:16 PM,sad,100.0
05:38:21 PM,sad,99.6
05:38:26 PM,sad,89.4
05:38:32 PM,sad,85.6
05:38:33 PM,fear,60.2
05:38:38 PM,fear,73.0
05:38:44 PM,fear,78.7
05:38:47 PM,angry,58.1
05:38:48 PM,sad,81.3
05:38:53 PM,sad,43.6
05:38:58 PM,sad,97.3
05:39:03 PM,sad,83.3
05:39:08 PM,sad,99.4
05:39:14 PM,sad,76.2
05:39:19 PM,sad,57.4
05:39:23 PM,angry,42.9
05:39:28 PM,angry,70.4
05:39:33 PM,sad,64.0
05:39:39 PM,sad,29.0
05:39:43 PM,neutral,43.5
05:39:48 PM,neutral,77.6
05:39:52 PM,fear,58.6
05:39:58 PM,fear,56.8
05:40:03 PM,fear,55.1
05:40:08 PM,fear,41.8
05:40:13 PM,fear,76.8
05:40:18 PM,fear,72.6
05:40:23 PM,fear,62.2
05:40:28 PM,fear,75.1
05:40:33 PM,fear,60.8
05:40:39 PM,fear,54.4
05:40:41 PM,angry,61.2
05:40:44 PM,fear,74.6
05:40:45 PM,angry,66.1
05:40:50 PM,angry,76.1
05:40:52 PM,fear,51.7
05:40:55 PM,sad,57.0
05:41:00 PM,sad,29.1
05:41:04 PM,fear,40.3
05:41:12 PM,angry,60.7
05:41:13 PM,fear,81.0
05:41:18 PM,fear,70.6
05:41:23 PM,fear,74.1
05:41:28 PM,fear,41.6
05:41:33 PM,fear,53.2
05:41:39 PM,fear,72.9
05:41:45 PM,fear,63.9
05:41:50 PM,fear,54.1
05:41:55 PM,fear,79.5
05:42:01 PM,fear,61.8
05:42:06 PM,fear,83.4
05:42:11 PM,fear,90.3
05:42:16 PM,fear,60.5
05:42:21 PM,fear,80.3
05:42:26 PM,fear,57.3
05:42:32 PM,fear,61.9
05:42:37 PM,fear,75.1
05:42:42 PM,fear,47.3
05:42:47 PM,fear,49.4
05:42:53 PM,fear,42.9
05:42:58 PM,fear,54.7
05:43:03 PM,fear,46.3
05:43:08 PM,fear,77.7
05:43:08 PM,sad,81.2
05:43:15 PM,sad,84.5
05:43:20 PM,sad,70.4
05:43:22 PM,fear,37.7
05:43:27 PM,fear,76.4
05:43:33 PM,fear,74.7
05:43:38 PM,fear,48.5
05:43:43 PM,angry,36.8
05:43:48 PM,angry,71.7
05:43:53 PM,angry,46.6
05:43:55 PM,fear,49.1
05:44:00 PM,fear,61.1
05:44:05 PM,fear,45.1
05:44:10 PM,fear,96.6
05:44:12 PM,sad,91.3
05:44:17 PM,sad,67.1
05:44:23 PM,sad,86.7
05:44:28 PM,sad,89.7
05:44:33 PM,sad,100.0
05:44:39 PM,sad,80.3
05:44:44 PM,sad,58.7
05:44:49 PM,sad,46.5
05:45:58 PM,,70.3
05:45:58 PM,angry,85.1
05:46:02 PM,neutral,42.5
05:46:04 PM,angry,45.1
05:46:09 PM,angry,61.2
05:46:14 PM,angry,63.3
05:46:19 PM,angry,75.7
05:46:25 PM,angry,61.9
05:46:30 PM,angry,47.9
05:46:35 PM,angry,54.3
05:46:40 PM,angry,86.2
05:46:45 PM,angry,42.4
05:46:48 PM,neutral,85.7
05:46:48 PM,angry,60.0
05:46:50 PM,fear,91.0
05:46:55 PM,fear,99.4
05:46:58 PM,sad,90.0
05:47:03 PM,sad,83.4
05:47:09 PM,sad,59.3
05:47:14 PM,sad,74.5
05:47:19 PM,sad,61.0
05:47:22 PM,fear,65.6
05:47:26 PM,sad,100.0
05:47:32 PM,sad,100.0
05:47:37 PM,sad,65.6
05:47:42 PM,sad,73.7
05:47:47 PM,sad,90.2
05:47:52 PM,sad,91.2
05:47:57 PM,sad,81.4
05:48:02 PM,sad,80.3
05:48:08 PM,sad,55.5
05:48:10 PM,angry,40.5
05:48:15 PM,angry,80.9
05:48:18 PM,sad,92.5
05:48:23 PM,sad,88.1
05:48:28 PM,sad,66.8
05:48:33 PM,sad,59.1
05:48:38 PM,sad,63.5
05:48:40 PM,angry,71.2
05:48:45 PM,angry,67.7
05:48:50 PM,angry,90.4
05:48:52 PM,fear,92.1
05:48:53 PM,sad,93.4
05:48:58 PM,sad,87.0
05:49:03 PM,sad,76.0
05:49:08 PM,sad,80.8
05:49:13 PM,sad,82.0
05:49:19 PM,sad,58.6
05:49:24 PM,sad,75.5
06:03:50 PM,,56.3
06:03:54 PM,angry,100.0
06:04:00 PM,angry,86.2
06:04:01 PM,happy,65.5
06:04:05 PM,neutral,99.3
06:04:10 PM,neutral,100.0
06:04:15 PM,happy,99.8
06:04:22 PM,happy,97.9
06:04:26 PM,sad,99.9
06:04:32 PM,sad,96.2
06:04:35 PM,angry,84.0
06:04:40 PM,angry,72.8
06:04:45 PM,angry,44.1
06:04:50 PM,angry,76.2
06:04:55 PM,angry,67.3
06:05:01 PM,angry,63.2
06:05:06 PM,angry,41.2
06:05:12 PM,angry,89.0
06:05:17 PM,neutral,37.4
06:05:18 PM,sad,31.0
06:05:23 PM,sad,63.0
06:05:27 PM,neutral,38.4
06:05:28 PM,sad,49.9
06:05:34 PM,sad,98.9
06:05:38 PM,angry,44.8
06:05:43 PM,angry,80.7
06:05:49 PM,angry,87.4
06:05:54 PM,angry,94.3
06:05:54 PM,sad,33.7
06:05:59 PM,sad,73.4
06:06:04 PM,sad,73.9
06:06:06 PM,angry,81.7
06:06:12 PM,angry,78.2
06:06:17 PM,angry,42.2
06:06:22 PM,angry,98.9
06:06:24 PM,sad,86.1
06:06:29 PM,sad,46.6
06:06:34 PM,sad,99.1
06:06:39 PM,sad,75.9
06:06:45 PM,sad,47.0
06:06:50 PM,sad,98.3
06:06:55 PM,angry,99.8
06:07:00 PM,angry,97.5
06:07:01 PM,sad,99.6
06:07:06 PM,sad,45.3
06:07:11 PM,sad,50.9
06:07:16 PM,sad,96.0
06:07:21 PM,sad,99.9
06:07:26 PM,sad,90.8
06:07:32 PM,sad,100.0
06:07:37 PM,sad,70.1
06:07:42 PM,sad,100.0
06:07:47 PM,sad,99.7
06:07:52 PM,sad,100.0
06:07:57 PM,sad,100.0
06:08:03 PM,sad,97.9
06:08:08 PM,sad,65.9
06:08:13 PM,sad,83.4
06:08:18 PM,sad,87.0
06:08:24 PM,sad,51.1
06:08:29 PM,sad,69.7
06:08:33 PM,angry,80.0
06:08:38 PM,angry,52.2
06:08:43 PM,angry,55.6
06:08:48 PM,angry,67.1
06:08:53 PM,sad,73.0
06:08:58 PM,sad,73.8
06:09:03 PM,angry,81.5
06:09:08 PM,angry,80.7
06:09:08 PM,sad,75.0
06:09:14 PM,sad,99.7
06:09:19 PM,sad,100.0
06:09:24 PM,sad,75.3
06:09:29 PM,sad,97.6
06:09:34 PM,sad,100.0
06:09:39 PM,sad,39.7
06:09:41 PM,angry,62.3
06:09:47 PM,angry,42.3
06:09:52 PM,angry,91.4
06:09:54 PM,sad,64.0
06:10:00 PM,sad,70.8
06:10:03 PM,neutral,42.2
06:10:08 PM,neutral,99.7
06:10:45 PM,neutral,98.6
06:10:48 PM,sad,98.9
06:10:53 PM,sad,95.9
06:10:59 PM,sad,98.2
06:11:04 PM,sad,98.0
06:12:16 PM,sad,97.1
06:12:21 PM,sad,98.0
06:12:27 PM,sad,98.9
06:12:32 PM,sad,99.9
06:12:37 PM,sad,99.8
06:12:42 PM,sad,99.5
06:12:48 PM,sad,99.7
06:12:53 PM,sad,99.9
06:12:59 PM,sad,99.7
06:13:04 PM,sad,51.4
06:13:09 PM,sad,100.0
06:13:14 PM,sad,99.8
06:13:19 PM,sad,100.0
06:13:24 PM,sad,100.0
06:13:29 PM,sad,100.0
06:13:35 PM,sad,100.0
06:13:40 PM,sad,100.0
06:13:45 PM,sad,99.9
06:13:50 PM,sad,99.5
06:13:55 PM,sad,99.0
06:14:01 PM,sad,94.1
06:14:06 PM,sad,99.2
06:14:11 PM,sad,98.8
06:14:16 PM,sad,91.0
06:14:21 PM,sad,99.9
06:14:26 PM,sad,100.0
06:14:32 PM,sad,100.0
06:14:37 PM,sad,100.0
06:14:42 PM,sad,100.0
06:14:47 PM,sad,60.7
06:14:52 PM,sad,98.1
06:14:58 PM,sad,41.4
06:15:03 PM,sad,98.9
06:15:09 PM,sad,98.1
06:15:14 PM,sad,96.1
06:15:19 PM,sad,99.8
06:15:24 PM,sad,100.0
06:15:29 PM,sad,96.3
06:15:34 PM,sad,99.9
06:15:39 PM,sad,99.8
06:15:44 PM,sad,91.7
06:15:49 PM,sad,90.2
06:15:53 PM,happy,83.9
06:15:58 PM,happy,100.0
06:15:59 PM,sad,100.0
06:16:04 PM,sad,99.8
06:16:12 PM,sad,43.2
06:16:17 PM,sad,98.5
06:16:22 PM,sad,77.1
06:16:28 PM,sad,99.6
06:16:33 PM,sad,98.0
06:16:38 PM,sad,99.2
06:16:43 PM,sad,93.5
06:16:48 PM,sad,99.5
06:16:53 PM,sad,98.9
06:16:58 PM,sad,98.5
06:17:03 PM,sad,63.5
06:17:08 PM,sad,56.4
06:17:13 PM,sad,99.7
06:17:19 PM,sad,99.9
06:17:24 PM,sad,99.9
06:17:29 PM,sad,100.0
06:17:34 PM,sad,99.9
06:17:40 PM,sad,99.8
06:17:45 PM,sad,99.9
06:17:50 PM,sad,98.7
06:17:55 PM,sad,99.9
06:18:00 PM,sad,93.8
06:18:06 PM,sad,85.2
06:18:19 PM,sad,79.5
06:18:24 PM,sad,100.0
06:18:29 PM,sad,100.0
06:18:35 PM,sad,99.9
06:18:40 PM,sad,99.9
06:18:45 PM,sad,100.0
06:18:50 PM,sad,97.2
06:18:55 PM,sad,100.0
06:19:01 PM,sad,98.1
06:19:06 PM,sad,99.9
06:19:11 PM,sad,94.6
06:19:17 PM,sad,99.5
06:19:22 PM,sad,99.5
06:19:27 PM,sad,100.0
06:19:32 PM,sad,98.3
06:19:37 PM,sad,99.2
06:19:44 PM,sad,80.5
06:19:49 PM,sad,81.1
06:20:13 PM,sad,68.4
06:20:19 PM,sad,55.6
06:20:24 PM,sad,99.9
06:20:29 PM,sad,88.8
06:20:34 PM,sad,98.6
06:20:39 PM,sad,100.0
06:20:44 PM,sad,100.0
06:20:49 PM,sad,100.0
06:20:54 PM,sad,97.7
06:21:00 PM,sad,99.9
06:21:05 PM,sad,99.2
06:21:10 PM,sad,99.8
06:21:15 PM,sad,99.1
06:21:21 PM,sad,90.3
06:21:26 PM,sad,99.2
06:21:31 PM,sad,99.6
06:21:36 PM,sad,99.3
06:21:41 PM,sad,99.7
06:21:46 PM,sad,89.2
06:21:51 PM,sad,58.4
06:21:56 PM,sad,99.8
06:22:02 PM,sad,96.7
06:22:17 PM,sad,99.1
06:22:37 PM,sad,71.4
06:22:42 PM,sad,96.2
06:22:48 PM,sad,98.6
06:22:53 PM,sad,80.8
06:22:58 PM,angry,52.2
06:23:03 PM,angry,56.2
06:23:08 PM,angry,46.3
06:23:13 PM,angry,65.3
06:23:18 PM,angry,60.3
06:23:23 PM,angry,99.4
06:23:25 PM,sad,99.0
06:23:44 PM,sad,81.7
06:23:49 PM,sad,99.8
06:23:54 PM,sad,99.7
06:23:59 PM,sad,99.8
06:24:05 PM,sad,100.0
06:24:10 PM,sad,99.9
06:24:15 PM,sad,99.5
06:24:22 PM,sad,72.2
06:24:32 PM,sad,98.3
06:24:37 PM,sad,97.9
06:24:42 PM,sad,99.6
06:24:48 PM,sad,100.0
06:24:53 PM,sad,99.7
06:24:58 PM,sad,98.3
06:25:03 PM,sad,98.6
06:25:13 PM,sad,99.5
06:25:21 PM,sad,100.0
06:25:26 PM,sad,98.0
06:25:31 PM,sad,98.7
06:25:36 PM,sad,99.4
06:25:41 PM,sad,99.1
06:25:46 PM,sad,98.2
06:25:52 PM,sad,98.0
06:25:57 PM,sad,58.1
06:26:02 PM,sad,97.1
06:26:07 PM,sad,61.2
06:26:12 PM,sad,99.2
06:26:17 PM,sad,99.7
06:26:23 PM,sad,99.3
06:26:28 PM,sad,100.0
06:26:33 PM,sad,100.0
06:26:55 PM,sad,68.6
06:27:00 PM,sad,99.7
06:27:05 PM,sad,99.6
06:27:10 PM,sad,99.3
06:27:15 PM,sad,99.0
06:27:20 PM,sad,100.0
06:27:25 PM,sad,97.3
06:27:31 PM,sad,65.9
06:27:36 PM,sad,99.5
06:27:40 PM,neutral,69.0
06:27:45 PM,neutral,56.4
06:27:50 PM,neutral,84.8
06:27:56 PM,neutral,48.1
06:28:01 PM,neutral,85.5
06:28:04 PM,sad,96.7
06:28:54 PM,sad,61.4
06:29:29 PM,sad,98.8
06:29:34 PM,sad,99.9
06:29:39 PM,sad,100.0
06:29:45 PM,sad,99.0
06:29:50 PM,sad,98.2
06:29:55 PM,sad,95.1
06:30:00 PM,sad,97.7
06:30:05 PM,sad,97.8
06:30:10 PM,sad,99.0
06:30:15 PM,sad,98.8
06:30:21 PM,sad,99.7
06:30:26 PM,sad,96.9
06:30:31 PM,sad,99.7
06:30:36 PM,sad,99.9
06:30:46 PM,sad,100.0
06:30:51 PM,sad,69.8
06:31:28 PM,sad,93.7
06:31:38 PM,sad,78.6
06:31:43 PM,angry,54.9
06:31:51 PM,angry,90.8
06:32:47 PM,angry,96.9
06:32:52 PM,sad,97.5
06:32:57 PM,sad,100.0
06:33:02 PM,sad,99.9
06:33:08 PM,sad,99.7
06:33:13 PM,sad,99.7
06:33:18 PM,sad,99.3
06:33:24 PM,sad,100.0
06:33:29 PM,sad,98.6
06:33:34 PM,sad,92.7
06:33:40 PM,sad,97.6
06:33:45 PM,sad,96.8
06:33:50 PM,sad,96.6
06:33:59 PM,sad,98.6
06:34:05 PM,sad,99.1
06:34:10 PM,sad,98.4
06:34:15 PM,sad,99.6
06:34:20 PM,sad,98.5
06:34:25 PM,sad,98.9
06:34:31 PM,sad,100.0
06:34:36 PM,sad,52.7
06:34:41 PM,sad,69.8
06:34:44 PM,angry,80.0
06:34:49 PM,sad,99.8
06:34:54 PM,sad,52.4
06:35:00 PM,sad,86.3
06:35:05 PM,sad,100.0
06:35:10 PM,sad,99.7
06:35:16 PM,sad,100.0
06:35:26 PM,sad,73.7
06:35:32 PM,sad,74.9
06:35:40 PM,sad,68.8
06:35:46 PM,sad,55.8
06:35:51 PM,sad,60.7
06:35:56 PM,sad,63.8
06:36:01 PM,sad,54.1
06:36:06 PM,sad,63.4
06:36:11 PM,sad,97.4
06:36:16 PM,sad,100.0
06:36:22 PM,sad,99.9
06:36:27 PM,sad,58.7
06:36:32 PM,sad,100.0
06:36:50 PM,sad,96.3
06:36:55 PM,sad,99.2
06:37:00 PM,sad,99.9
06:37:05 PM,sad,99.9
06:37:10 PM,sad,99.4
06:37:16 PM,sad,99.5
06:37:21 PM,sad,64.0
06:37:24 PM,angry,80.7
06:37:29 PM,angry,99.1
06:37:32 PM,sad,97.3
06:37:37 PM,sad,96.5
06:37:42 PM,sad,99.6
06:37:47 PM,sad,99.5
06:37:52 PM,sad,99.5
06:37:58 PM,sad,100.0
06:38:03 PM,sad,100.0
06:38:08 PM,sad,99.9
06:38:13 PM,sad,100.0
06:38:18 PM,sad,100.0
06:38:24 PM,sad,99.5
06:38:29 PM,sad,98.8
06:38:34 PM,sad,88.0
06:38:39 PM,sad,93.1
06:38:41 PM,fear,56.5
06:38:46 PM,fear,90.5
06:38:51 PM,fear,77.1
06:38:52 PM,happy,81.3
06:38:54 PM,sad,99.9
06:38:59 PM,sad,90.9
06:39:10 PM,sad,97.9
06:39:15 PM,sad,99.3
06:39:20 PM,sad,99.2
06:39:25 PM,sad,99.9
06:39:31 PM,sad,99.3
06:39:36 PM,sad,99.0
06:39:42 PM,sad,99.2
06:39:51 PM,sad,87.3
06:39:57 PM,sad,99.1
06:40:04 PM,sad,99.8
06:40:09 PM,sad,99.4
06:40:17 PM,sad,99.2
06:40:24 PM,sad,96.9
06:40:30 PM,sad,96.9
06:40:37 PM,sad,96.0
06:40:42 PM,sad,98.6
06:40:47 PM,sad,100.0
06:40:53 PM,sad,82.7
06:40:58 PM,sad,59.0
06:41:04 PM,sad,90.2
06:41:09 PM,sad,100.0
06:41:15 PM,sad,84.0
06:41:21 PM,sad,82.2
06:41:27 PM,sad,88.1
06:41:38 PM,sad,76.8
06:41:43 PM,sad,76.6
06:41:48 PM,sad,73.7
06:41:53 PM,sad,75.7
06:41:55 PM,angry,78.5
06:42:04 PM,angry,69.1
06:42:09 PM,angry,84.1
06:42:14 PM,angry,98.1
06:42:20 PM,angry,99.6
06:42:26 PM,angry,84.2
06:42:34 PM,angry,61.2
06:42:39 PM,angry,89.8
06:42:45 PM,angry,99.7
06:42:50 PM,angry,91.4
06:42:53 PM,sad,73.2
06:42:58 PM,sad,57.1
06:43:04 PM,sad,99.8
06:43:09 PM,sad,69.6
06:43:14 PM,sad,99.0
06:43:20 PM,sad,99.0
06:43:26 PM,sad,95.9
06:43:31 PM,sad,98.6
06:43:36 PM,sad,98.9
06:43:41 PM,sad,99.5
06:43:47 PM,sad,96.8
06:43:52 PM,sad,98.3
06:43:57 PM,sad,98.1
06:44:02 PM,sad,98.1
06:44:07 PM,sad,99.1
06:44:12 PM,sad,98.7
06:44:18 PM,sad,95.3
06:44:23 PM,sad,98.9
06:44:28 PM,sad,97.0
06:44:33 PM,sad,98.8
06:44:38 PM,sad,100.0
06:44:43 PM,sad,96.9
06:44:48 PM,sad,96.4
06:44:53 PM,sad,95.9
06:44:58 PM,sad,99.2
06:45:04 PM,sad,94.0
06:45:09 PM,sad,91.2
06:45:14 PM,sad,99.7
06:45:20 PM,sad,90.3
06:45:29 PM,sad,98.6
06:45:38 PM,sad,98.2
06:45:44 PM,sad,98.9
06:45:49 PM,sad,82.8
06:45:54 PM,sad,99.4
06:45:59 PM,sad,96.0
06:46:05 PM,sad,99.5
06:46:10 PM,sad,99.8
06:46:15 PM,sad,86.0
06:46:20 PM,sad,100.0
06:46:26 PM,sad,98.9
06:46:31 PM,sad,94.4
06:46:36 PM,sad,87.3
06:46:41 PM,sad,98.1
06:46:47 PM,sad,97.8
06:46:52 PM,sad,97.1
06:46:57 PM,sad,98.7
06:47:02 PM,sad,82.3
06:47:07 PM,sad,67.9
06:47:12 PM,sad,94.7
06:47:17 PM,sad,57.6
06:47:22 PM,sad,99.9
06:47:27 PM,sad,82.5
06:47:33 PM,sad,95.5
06:47:37 PM,angry,92.2
06:47:43 PM,angry,79.5
06:47:48 PM,angry,82.6
06:47:53 PM,angry,96.4
